<?xml version="1.0" encoding="UTF-8"?>
<project-private xmlns="http://www.netbeans.org/ns/project-private/1">
    <editor-bookmarks xmlns="http://www.netbeans.org/ns/editor-bookmarks/2" lastBookmarkId="0"/>
    <open-files xmlns="http://www.netbeans.org/ns/projectui-open-files/2">
        <group>
            <file>file:/C:/Users/Mitchell/softwareEngineering/softwareEngineering/StocksNStuff/src/stocksnstuff/gui/UserGUI.java</file>
            <file>file:/C:/Users/Mitchell/softwareEngineering/softwareEngineering/StocksNStuff/src/stocksnstuff/database/DBIO/DBWriter.java</file>
            <file>file:/C:/Users/Mitchell/softwareEngineering/softwareEngineering/StocksNStuff/src/stocksnstuff/gui/PostC.java</file>
            <file>file:/C:/Users/Mitchell/softwareEngineering/softwareEngineering/StocksNStuff/src/stocksnstuff/SessionControl/ForumUpdateThread.java</file>
            <file>file:/C:/Users/Mitchell/softwareEngineering/softwareEngineering/StocksNStuff/src/stocksnstuff/database/DBIO/DBReader.java</file>
            <file>file:/C:/Users/Mitchell/softwareEngineering/softwareEngineering/StocksNStuff/src/stocksnstuff/gui/ThreadV.java</file>
            <file>file:/C:/Users/Mitchell/softwareEngineering/softwareEngineering/StocksNStuff/src/stocksnstuff/gui/PostV.java</file>
        </group>
    </open-files>
</project-private>
