<?xml version="1.0" encoding="UTF-8"?>
<project-private xmlns="http://www.netbeans.org/ns/project-private/1">
    <editor-bookmarks xmlns="http://www.netbeans.org/ns/editor-bookmarks/2" lastBookmarkId="0"/>
    <open-files xmlns="http://www.netbeans.org/ns/projectui-open-files/2">
        <group>
            <file>file:/J:/senior/softwareEngineering/presentation1Prototype/TrackStocks_Prototype01/src/trackstocks_prototype01/TrackStocksPrototype.java</file>
            <file>file:/J:/senior/softwareEngineering/presentation1Prototype/TrackStocks_Prototype01/src/trackstocks_prototype01/GuestPrototype.java</file>
        </group>
    </open-files>
</project-private>
