<?xml version="1.0" encoding="UTF-8"?>
<project-private xmlns="http://www.netbeans.org/ns/project-private/1">
    <editor-bookmarks xmlns="http://www.netbeans.org/ns/editor-bookmarks/2" lastBookmarkId="0"/>
    <open-files xmlns="http://www.netbeans.org/ns/projectui-open-files/2">
        <group>
            <file>file:/J:/Junior/Junior%20Spring%20Semester/Software%20Engineering/forumGUI/src/my/forum/ForumUI.java</file>
            <file>file:/J:/Junior/Junior%20Spring%20Semester/Software%20Engineering/forumGUI/src/my/forum/createPost.java</file>
            <file>file:/J:/Junior/Junior%20Spring%20Semester/Software%20Engineering/forumGUI/src/my/forum/removePost.java</file>
        </group>
    </open-files>
</project-private>
